{
  "type": "bot",
  "name": "my_server_1",
  "secret": "abc123",
  "use_web": true,
  "url": "",
  "auth_telegram": false,
  "port": 80,
  "log_bytes": 1000000000,
  "debug_mode": false,
  "telegram": {
    "id_chat_description": "0 - is a disable option. Chat id from which the bot will receive commands (/chart, ...)",
    "id_chat": 0,
    "use_commands": true,
    "notification_position": true,
    "notification_zz_new_level": false
  },
  "chart": {
    "count_description": "the number of candles displayed on the chart",
    "count": 200
  },
  "withdraw_percent": 100,
  "coin": "BTC",
  "old": false
}