{
  "name": "my_server_2",
  "type": "bot",
  "telegram_id": 0,
  "mono": true,
  "delay": true,
  "auth_telegram": true,
  "port": 80,
  "console": { "dashboard_mode": true, "dashboard_refresh_ms": 1500 },
  "telegram": {
    "bot_token": "",
    "id_chat": 0,
    "use_commands": false,
    "watchdog_timer_minutes": 100,
    "report_only_close": false,
    "notify_warning": false,
    "notify_error": false
  },
  "log": {
    "log_months": 2,
    "debug_mode": false,
    "log_size_mb": 111,
    "log_files_count": 1
  },
  "chart": {
    "count": 200,
    "width": 1000,
    "height": 1000,
    "theme_dark": false,
    "offset": true,
    "caption": true,
    "show_balance": false
  },
  "ping": 0,
  "watchdog": true,
  "web_interface": {
    "language": "en",
    "show_chart": true,
    "show_state": false,
    "show_log": false,
    "show_balance": false,
    "show_orders": false,
    "show_positions": false,
    "show_api": true,
    "show_settings": true,
    "show_add": true
  }
}
