{"IsHasEntryThisLong":false,"IsHasEntryThisShort":false,"ENTRY_COUNT":0,"ENTRY_TIME":0,"EXIT_TIME":0,"CCI_REDUCE_S_COUNT":0,"CCI_REDUCE_L_COUNT":0,"CCI_ENTRY_S_COUNT":0,"CCI_ENTRY_L_COUNT":0,"FIRST_STRATEGY_ENTRY_PRICE_MARKET":0.0,"LAST_STRATEGY_ENTRY_PRICE":0.0,"ENTRY_LEVEL_PRICE":0.0,"CCI_REDUCE_L_BAR_TIME":0,"CCI_REDUCE_S_BAR_TIME":0,"CCI_ENTRY_L_BAR_TIME":0,"CCI_ENTRY_S_BAR_TIME":0,"LONG_STOP_TRIGGERED":false,"SHORT_STOP_TRIGGERED":false,"SHORT_TRAIL_STOP_TRIGGERED":false,"LONG_TRAIL_STOP_TRIGGERED":false,"HD_TRIGGER":false,"HD_TRIGGER2":false,"ZZ_DOUBLING_LOT":1,"fix_btc_long":0.0,"fix_btc_short":0.0,"strategy":{"zz":{"LEVEL_LONG":0.0,"LEVEL_SHORT":0.0,"LEVEL_LONG_IS_NEW":false,"LEVEL_SHORT_IS_NEW":false,"ZZ2_autorisk":1.0,"zz_notifed_long":0.0,"zz_notifed_short":0.0,"filters":{"distance_filter":true,"flat_filter":true,"narrowing_filter":true,"ma_distance_filter":true,"ma_filter":true,"trend_filter_long":true,"trend_filter_short":true,"one_enrty_long":true,"one_enrty_short":true},"trigger_long_stop_by_new_level":false,"trigger_short_stop_by_new_level":false},"mrs":{"m_open_orders":[{"n":1,"id":"","order_side":"buy","symbol":"KDA-BTC","order_type":"limit","order_status":"","price":0.00007549,"size":0.0001,"size_f":0.0,"order_is_reduce":false,"is_filed":true}],"m_close_orders":[]}},"LAST_TRADES":[]}
