{
  "name": "my_server_1",
  "type": "bot",
  "telegram_id": 0,
  "mb": true,
  "mono": false,
  "delay": true,
  "auth_telegram": true,
  "use_web": true,
  "port": 80,
  "log_months": 1,
  "debug_mode": false,
  "self_check": true,
  "telegram": {
    "bot_token": "",
    "id_chat": 0,
    "use_commands": true,
    "watchdog_timer_minutes": 60
  },
  "chart": {
    "count": 70,
    "width": 1000,
    "height": 1000,
    "theme_dark": true,
    "offset": true
  },
  "ping": 0
}
