{
  "name": "введите_имя",
  "telegram_id": 0,
  "port": 80,
  "log": {
    "log_months": 1,
    "debug_mode": false,
    "log_size_mb": 50,
    "log_files_count": 5
  },
  "telegram": {
    "bot_token": "",
    "id_chat": 0,
    "use_commands": true,
    "watchdog_timer_minutes": 60,
    "report_only_close": false
  },
  "chart": {
    "count": 85,
    "width": 1000,
    "height": 1000,
    "theme_dark": true,
    "offset": true,
    "caption": true,
    "show_balance": false
  },
  "ping": 0
}
