{"name":"my_settings_oVmrW","description":"","project":"hamster-bot","tg_notification":{"id_chat":0,"notification_position":true,"notification_zz_new_level":false},"exchange":{"name":"FTX","account":"master","subaccount_name":"hamster-bot_test","execute_stop_by_market":true,"bitmex_limit_post_only":true,"bitmex_limit_hidden":false,"main_timer":5000},"basic":{"strategy":"mapm","symbol":"FTT-PERP","time_frame":"15m","use_long":true,"use_short":true,"cross_margin":false,"leverage":20.0,"use_fix":false,"balance_percentage_long":9.0,"balance_percentage_short":9.0,"risk_long":1.0,"risk_short":1.0,"lot_long":0,"lot_short":0,"more_data":true,"max_bars":5000},"options":null,"filter":null,"rebalance":null,"hd":null,"zz":null,"dc":null,"rt":null,"mapm":{"fast_len":1,"slow_len":5,"averaging_step":1.5,"max_entry_count":3,"tp_long":1.1,"tp_short":1.1,"lot_x":1.25},"plus_one":null,"mrs":null}
